{"cameraMode":{"drawMode":0,"name":"Shaded","section":"Shading Mode"},"sceneLighting":false,"audioPlay":false,"sceneViewState":{"showFog":true,"showMaterialUpdate":true,"showSkybox":false,"showFlares":true,"showImageEffects":true,"showParticleSystems":true},"in2DMode":false,"pivot":{"x":0.8744393587112427,"y":0.29357343912124636,"z":0.20702561736106873},"rotation":{"x":0.18428108096122743,"y":-0.6241014003753662,"z":0.15471388399600984,"w":0.743372917175293},"size":1.0532095432281495,"orthographic":false}