{"cameraMode":{"drawMode":0,"name":"Shaded","section":"Shading Mode"},"sceneLighting":false,"audioPlay":false,"sceneViewState":{"showFog":true,"showMaterialUpdate":true,"showSkybox":false,"showFlares":true,"showImageEffects":true,"showParticleSystems":true},"in2DMode":false,"pivot":{"x":-17.395524978637697,"y":0.7398186922073364,"z":-11.79344654083252},"rotation":{"x":-0.6894994378089905,"y":0.003691433696076274,"z":-0.003514981595799327,"w":-0.7242687344551086},"size":3.618788480758667,"orthographic":false}